{"cameraMode":{"drawMode":0,"name":"Shaded","section":"Shading Mode"},"sceneLighting":false,"audioPlay":false,"sceneViewState":{"showFog":true,"showMaterialUpdate":false,"showSkybox":false,"showFlares":true,"showImageEffects":true,"showParticleSystems":true},"in2DMode":false,"pivot":{"x":-0.770135760307312,"y":0.962552547454834,"z":-0.36149096488952639},"rotation":{"x":-0.005869041662663221,"y":-0.991996169090271,"z":-0.05032791942358017,"w":0.11569691449403763},"size":2.2647593021392824,"orthographic":false}