{"cameraMode":{"drawMode":0,"name":"Shaded","section":"Shading Mode"},"sceneLighting":true,"audioPlay":false,"sceneViewState":{"showFog":true,"showMaterialUpdate":false,"showSkybox":false,"showFlares":true,"showImageEffects":true,"showParticleSystems":true},"in2DMode":false,"pivot":{"x":0.6864304542541504,"y":-0.13292670249938966,"z":1.9757158756256104},"rotation":{"x":-0.3442838788032532,"y":-0.11590893566608429,"z":0.042878180742263797,"w":-0.930698812007904},"size":2.9951913356781008,"orthographic":false}